{"loss": 1.93177330493927, "iter_time": 0.19576890673488379, "total_time": 9.429194711148739, "_timestamp": 1717620240.5759153, "_runtime": 7.582284450531006, "_step": 8}