{"loss": 2.13507080078125, "iter_time": 0.19726468296721578, "total_time": 11.528056369163096, "_timestamp": 1717620430.0068266, "_runtime": 9.543412685394287, "_step": 8}