{"loss": 2.1072282791137695, "iter_time": 0.7385763730853796, "total_time": 4.947113198693842, "_timestamp": 1717617895.4351952, "_runtime": 3.3369781970977783, "_step": 0}