{"loss": 2.147578001022339, "iter_time": 0.2040821509435773, "total_time": 36.13736055511981, "_timestamp": 1717617573.7409582, "_runtime": 6.436140298843384, "_step": 5}