{"loss": 2.223071813583374, "iter_time": 0.2001035800203681, "total_time": 65.19441075529903, "_timestamp": 1717617844.6430502, "_runtime": 57.44744110107422, "_step": 92}