{"loss": 2.1336448192596436, "iter_time": 0.20657287165522575, "total_time": 17.14292136905715, "_timestamp": 1717617990.072018, "_runtime": 15.387507915496826, "_step": 18}